net,length_um
net210,392.22µm
net126,352.86µm
net252,333.68µm
net188,326.44µm
net178,315.18µm
net209,314.28µm
net143,306.37µm
net115,276.96µm
net125,272.17µm
net235,267.59µm
net273,253.82µm
net145,252.66µm
net168,250.63µm
net110,243.18µm
clknet_2_0__leaf_clock,242.21µm
net193,239.76µm
net242,237.49µm
net146,237.03µm
net140,235.19µm
net251,233.505µm
net247,233.16µm
net250,231.73µm
clknet_2_3__leaf_clock,225.82µm
net183,225.71µm
net248,225.63µm
net185,222.4µm
net181,221.51µm
net108,218.64µm
net259,218.125µm
net142,217.74µm
clknet_2_1__leaf_clock,214.115µm
net264,211.8µm
net239,211.22µm
net262,210.58µm
net249,208.77µm
net109,208.22µm
net135,208.025µm
net187,205.69µm
clock,205.17µm
net107,204.475µm
clknet_0_clock,204.31µm
net130,204.12µm
net192,203.6µm
net226,203.075µm
net234,201.96µm
net111,201.46µm
net112,199.07µm
net121,199µm
clknet_2_2__leaf_clock,194.535µm
net141,191.78µm
net129,191.24µm
net179,190.22µm
net233,187.16µm
net139,186.92µm
net256,185.265µm
net114,183.88µm
net207,183.54µm
net137,183.18µm
net222,182.26µm
net138,181.07µm
net132,180.88µm
net197,180.1µm
_0773_,179.94µm
net136,179.76µm
net254,178.76µm
net116,178.38µm
net219,176.14µm
net268,175.86µm
net117,175.44µm
net131,173.82µm
net221,172.93µm
net189,172.04µm
net173,171.06µm
net186,170.51µm
net196,170.46µm
net213,170.32µm
net118,169.58µm
net195,169.48µm
net169,169.16µm
net206,168.98µm
net163,168µm
net258,165.715µm
_0300_,165.18µm
net123,164.82µm
net228,164.38µm
net269,163.78µm
net267,162.31µm
net133,162.21µm
net26,161.82µm
_0267_,161.22µm
net208,160.78µm
net144,157.5µm
net231,157.08µm
net217,156.75µm
net28,155.06µm
net201,154.76µm
net134,154.48µm
net216,154.33µm
net270,154.08µm
net155,153.83µm
_0348_,153.38µm
net127,150.99µm
net225,150.595µm
net232,150.525µm
net257,149.86µm
net272,148.34µm
net113,147.69µm
net199,147.22µm
net203,146.66µm
net29,145.62µm
net149,145.32µm
net271,144.77µm
net157,144.52µm
net191,143.695µm
_0371_,143.58µm
net159,142.62µm
net180,142.12µm
clknet_leaf_8_clock,141.73µm
net158,141.14µm
net190,140.53µm
net240,140.06µm
net266,139.3µm
net128,138.92µm
net47,137.9µm
net120,136.72µm
net260,136.065µm
net204,134.46µm
net198,134.3µm
net44,134.05µm
net253,133.985µm
net265,133.52µm
net255,133.495µm
net52,133.46µm
net36,132.72µm
net184,132.64µm
_0789_,131.6µm
net263,131.26µm
net51,130.47µm
net42,130.06µm
_0775_,128.62µm
net24,128.24µm
net214,127.45µm
net172,126.32µm
net161,122.3µm
net154,121.78µm
net167,121.38µm
net23,119.93µm
net122,119.9µm
net236,119.52µm
net156,118.62µm
net246,117.92µm
net162,117.08µm
clknet_leaf_24_clock,117.06µm
clknet_leaf_19_clock,116.36µm
net171,115.2µm
net57,114.78µm
net48,114.72µm
net241,113.04µm
net261,112.22µm
net66,111.42µm
net124,110.26µm
net194,110.085µm
net177,109.36µm
net43,109.28µm
net32,109.18µm
net45,108.72µm
net39,108.52µm
clknet_leaf_16_clock,108.22µm
net166,107.78µm
net30,107.58µm
net229,106.38µm
net119,106.3µm
net38,105.86µm
clknet_leaf_26_clock,105.38µm
_0358_,104.9µm
net230,104.32µm
clknet_leaf_5_clock,104.2µm
_0774_,103.74µm
net33,103.48µm
net245,103.34µm
clknet_leaf_12_clock,103µm
clknet_leaf_18_clock,102.54µm
net182,101.94µm
clknet_leaf_25_clock,101.59µm
net22,101.5µm
net46,99.98µm
net215,99.015µm
net223,98.965µm
net5,98.33µm
net35,97.76µm
net53,97.4µm
net200,97.24µm
net27,96.68µm
net41,96.28µm
clknet_leaf_15_clock,96.26µm
net31,95.3µm
net49,94.475µm
clknet_leaf_13_clock,93.58µm
clknet_leaf_22_clock,93.42µm
net40,93.2µm
net218,93.15µm
clknet_leaf_28_clock,93.14µm
clknet_leaf_23_clock,92.2µm
net13,91.66µm
net37,89.78µm
clknet_leaf_6_clock,89.64µm
clknet_leaf_27_clock,89.42µm
net1,88.54µm
net34,88.52µm
net147,87.65µm
clknet_leaf_11_clock,86.46µm
net153,86.185µm
net25,85.94µm
net7,85.2µm
net164,85.06µm
net205,83.74µm
net224,82.875µm
net79,81.86µm
_0395_,80.94µm
clknet_leaf_1_clock,80.2µm
net237,79.58µm
net227,79.455µm
net175,78.13µm
scratch\[0\]\[8\],77.24µm
clknet_leaf_9_clock,77.015µm
net8,76.84µm
net244,76.42µm
net50,75.9µm
_0349_,75.77µm
net211,75.42µm
clknet_leaf_4_clock,75.175µm
net10,73.98µm
clknet_leaf_3_clock,73.56µm
clknet_leaf_2_clock,73.19µm
net82,73.02µm
scratch\[0\]\[14\],72.48µm
net243,71.88µm
net174,69.8µm
net2,69.26µm
clknet_leaf_17_clock,68.78µm
_0360_,68.62µm
_0770_,66.9µm
net202,65.93µm
net220,65.72µm
clknet_leaf_7_clock,65.44µm
net165,64.4µm
clknet_leaf_21_clock,63.76µm
net152,62.76µm
_0588_,62.38µm
net12,61.525µm
net176,60.8µm
scratch\[0\]\[7\],60.78µm
net15,60.16µm
scratch\[0\]\[18\],59.94µm
clknet_leaf_14_clock,58.9µm
net3,58.64µm
net160,58.58µm
_0347_,58.28µm
scratch\[0\]\[25\],58.02µm
_0393_,57.715µm
_0788_,57.56µm
_0601_,57.34µm
_0680_,57.24µm
net170,56.7µm
_0420_,55.83µm
clknet_leaf_0_clock,55.26µm
clknet_leaf_10_clock,54.395µm
_0433_,53.98µm
clknet_leaf_29_clock,53.42µm
net151,52.405µm
net20,51.96µm
net276,51.86µm
net76,51.04µm
net106,50.9µm
_0756_,49.44µm
scratch\[0\]\[1\],48.46µm
net150,48.355µm
_0622_,48.28µm
net275,48.24µm
scratch\[0\]\[11\],48µm
cycle_count\[2\],47.52µm
_0584_,47.22µm
_0616_,47.08µm
net105,46.94µm
scratch\[0\]\[0\],46.74µm
net238,46.68µm
_0625_,46.54µm
net85,46.52µm
_0619_,46.34µm
net77,46.02µm
_0718_,45.96µm
net16,45.96µm
scratch\[0\]\[20\],45.655µm
net91,45.06µm
net78,44.68µm
scratch\[0\]\[19\],44.38µm
net80,44.22µm
net99,44.12µm
scratch\[0\]\[9\],43.83µm
scratch\[0\]\[17\],43.72µm
net83,43.3µm
_0587_,43.26µm
_0598_,42.94µm
scratch\[0\]\[24\],42.8µm
scratch\[0\]\[5\],42.64µm
net96,42.46µm
net4,42.38µm
scratch\[0\]\[12\],41.72µm
scratch\[0\]\[26\],41.67µm
net95,41.5µm
_0746_,41.3µm
net81,40.58µm
net98,40.58µm
net6,40.02µm
net18,39.78µm
_0419_,39.64µm
net71,39.58µm
scratch\[0\]\[2\],38.94µm
net58,38.1µm
net69,38.1µm
_0613_,37.84µm
net274,36.74µm
net9,36.34µm
scratch\[3\]\[7\],36.12µm
_0441_,35.71µm
_0592_,35.7µm
clknet_leaf_20_clock,34.88µm
scratch\[2\]\[1\],34.32µm
net11,34.3µm
scratch\[0\]\[29\],33.54µm
_0651_,33.42µm
scratch\[0\]\[6\],32.86µm
_0785_,32.76µm
scratch\[0\]\[4\],32.66µm
net21,32.34µm
_0384_,31.78µm
net54,31.78µm
scratch\[0\]\[21\],31.64µm
scratch\[2\]\[24\],30.46µm
scratch\[0\]\[15\],30.25µm
scratch\[2\]\[22\],30.24µm
net103,30.14µm
scratch\[2\]\[14\],29.7µm
scratch\[0\]\[27\],29.48µm
_0654_,29.44µm
_0578_,29.3µm
_0583_,29.28µm
net70,29.22µm
net104,28.92µm
_0401_,28.58µm
net148,28.055µm
_0783_,27.82µm
scratch\[0\]\[23\],27.74µm
_0768_,27.66µm
scratch\[0\]\[28\],27.64µm
_0359_,27.56µm
scratch\[2\]\[9\],27.42µm
_0777_,27.385µm
_0776_,27.2µm
_0412_,27.16µm
scratch\[3\]\[26\],26.92µm
scratch\[0\]\[10\],26.74µm
scratch\[2\]\[12\],26.1µm
_0608_,26.06µm
scratch\[2\]\[0\],26µm
net72,25.94µm
_0333_,25.86µm
current_stage[0],25.79µm
scratch\[2\]\[7\],25.7µm
host_input_addr[13],25.65µm
_0732_,25.62µm
scratch\[2\]\[26\],25.2µm
scratch\[2\]\[5\],24.88µm
scratch\[3\]\[5\],24.76µm
net212,24.76µm
net102,24.7µm
scratch\[3\]\[6\],24.6µm
net73,24.6µm
done,24.49µm
net55,24.34µm
_0581_,24.3µm
_0778_,24.28µm
_0675_,24.26µm
scratch\[2\]\[17\],24.26µm
host_output_data[1],23.57µm
net75,23.48µm
_0689_,23.38µm
scratch\[5\]\[4\],23.38µm
_0569_,23.34µm
scratch\[2\]\[4\],23.34µm
_0593_,23.06µm
_0582_,22.9µm
scratch\[1\]\[3\],22.805µm
host_input_data[13],22.77µm
_0336_,22.76µm
net74,22.745µm
host_input_addr[16],22.65µm
scratch\[2\]\[20\],22.51µm
host_input_data[2],22.43µm
scratch\[0\]\[22\],22.42µm
host_input_addr[9],22.36µm
scratch\[2\]\[16\],22.32µm
host_output_data[10],22.12µm
host_output_data[9],22.12µm
_0389_,22.02µm
host_output_data[0],21.83µm
host_output_data[14],21.66µm
scratch\[2\]\[23\],21.6µm
host_input_data[23],21.49µm
host_output_data[7],21.49µm
host_input_addr[11],21.44µm
_0787_,21.42µm
scratch\[3\]\[16\],21.24µm
host_output_data[12],21.2µm
host_output_data[17],21.2µm
host_output_data[19],21.2µm
host_output_data[8],21.2µm
host_input_addr[1],21.03µm
host_input_addr[8],21.03µm
host_output_addr[4],21.03µm
_0693_,20.96µm
host_input_data[18],20.81µm
host_input_data[26],20.81µm
host_output_data[6],20.81µm
host_output_data[24],20.76µm
host_output_data[11],20.74µm
scratch\[3\]\[31\],20.72µm
host_input_addr[15],20.69µm
host_input_addr[18],20.69µm
host_input_data[4],20.69µm
host_output_addr[0],20.69µm
host_output_addr[5],20.69µm
host_output_data[5],20.69µm
net101,20.68µm
host_input_data[17],20.64µm
_0421_,20.565µm
host_input_addr[12],20.52µm
host_input_addr[17],20.52µm
host_input_data[11],20.52µm
host_input_data[29],20.52µm
host_output_data[20],20.47µm
host_output_data[25],20.47µm
host_output_data[2],20.47µm
current_stage[1],20.35µm
host_input_addr[5],20.35µm
host_input_data[25],20.35µm
host_output_addr[6],20.35µm
start,20.35µm
host_input_data[12],20.18µm
host_input_data[21],20.13µm
host_input_data[27],20.13µm
host_input_addr[3],20.01µm
host_output_addr[1],20.01µm
host_output_addr[7],20.01µm
_0442_,19.96µm
host_output_data[15],19.84µm
host_output_data[28],19.84µm
host_output_data[29],19.84µm
host_output_data[13],19.79µm
host_output_data[16],19.79µm
host_output_data[21],19.79µm
host_output_data[22],19.79µm
host_output_data[23],19.79µm
host_output_data[27],19.79µm
_0701_,19.74µm
host_input_data[24],19.72µm
host_input_data[9],19.72µm
scratch\[2\]\[25\],19.72µm
scratch\[3\]\[12\],19.72µm
busy,19.67µm
current_stage[3],19.67µm
host_input_addr[4],19.67µm
host_output_addr[9],19.67µm
host_input_addr[14],19.6µm
host_input_addr[19],19.6µm
host_input_data[0],19.6µm
host_input_data[10],19.6µm
host_input_data[14],19.6µm
host_input_data[15],19.6µm
host_input_data[16],19.6µm
host_input_data[19],19.6µm
host_input_data[1],19.6µm
host_input_data[28],19.6µm
host_input_data[30],19.6µm
host_input_data[31],19.6µm
host_input_data[3],19.6µm
host_input_data[8],19.6µm
host_input_we,19.6µm
net100,19.52µm
host_input_addr[0],19.45µm
host_input_data[6],19.45µm
host_output_data[30],19.38µm
host_output_data[31],19.38µm
host_input_addr[10],19.33µm
host_input_addr[2],19.33µm
host_input_data[20],19.33µm
host_input_data[7],19.33µm
host_output_addr[10],19.33µm
reset,19.33µm
scratch\[3\]\[30\],19.3µm
scratch\[0\]\[13\],19.12µm
host_input_data[5],19.11µm
host_output_data[18],19.11µm
host_output_data[26],19.11µm
host_output_data[3],19.11µm
net14,19.1µm
scratch\[0\]\[3\],19.04µm
current_stage[2],18.99µm
host_input_addr[20],18.99µm
host_input_addr[7],18.99µm
host_input_data[22],18.99µm
host_output_addr[2],18.99µm
host_output_addr[3],18.99µm
scratch\[3\]\[27\],18.96µm
scratch\[2\]\[3\],18.9µm
_0405_,18.7µm
_0762_,18.66µm
current_stage[4],18.65µm
host_input_addr[6],18.65µm
host_output_addr[8],18.65µm
host_output_data[4],18.65µm
_0444_,18.48µm
cycle_count\[0\],18.44µm
scratch\[1\]\[5\],18.43µm
_0665_,18.36µm
scratch\[2\]\[30\],18.34µm
net19,18.28µm
_0736_,18.24µm
scratch\[5\]\[14\],18.04µm
_0661_,18.02µm
scratch\[2\]\[29\],17.94µm
scratch\[2\]\[2\],17.94µm
_0769_,17.92µm
scratch\[3\]\[2\],17.66µm
_0726_,17.6µm
_0772_,17.6µm
scratch\[3\]\[22\],17.58µm
scratch\[3\]\[23\],17.5µm
scratch\[4\]\[1\],17.4µm
net59,17.24µm
scratch\[3\]\[13\],17.1µm
scratch\[7\]\[2\],17.1µm
_0526_,16.78µm
scratch\[2\]\[28\],16.78µm
_0667_,16.76µm
scratch\[3\]\[14\],16.655µm
scratch\[3\]\[9\],16.62µm
_0339_,16.56µm
_0722_,16.44µm
scratch\[2\]\[15\],16.44µm
scratch\[3\]\[10\],16.34µm
scratch\[0\]\[30\],16.3µm
scratch\[2\]\[19\],16.28µm
scratch\[6\]\[14\],16.26µm
scratch\[2\]\[6\],16.24µm
net84,16.2µm
net92,16.18µm
scratch\[3\]\[4\],16.14µm
_0752_,16µm
scratch\[1\]\[23\],15.87µm
net97,15.84µm
scratch\[4\]\[10\],15.705µm
scratch\[1\]\[24\],15.685µm
scratch\[6\]\[2\],15.51µm
scratch\[6\]\[3\],15.46µm
net87,15.46µm
scratch\[5\]\[21\],15.28µm
scratch\[3\]\[20\],15.21µm
scratch\[3\]\[11\],15.2µm
_0413_,15.02µm
scratch\[3\]\[19\],14.98µm
_0400_,14.96µm
scratch\[7\]\[10\],14.92µm
scratch\[7\]\[4\],14.92µm
scratch\[6\]\[16\],14.88µm
_0706_,14.72µm
scratch\[5\]\[24\],14.715µm
scratch\[2\]\[11\],14.7µm
scratch\[0\]\[16\],14.6µm
scratch\[7\]\[8\],14.56µm
scratch\[3\]\[24\],14.52µm
_0005_,14.505µm
_0379_,14.48µm
scratch\[5\]\[11\],14.435µm
_0381_,14.38µm
scratch\[4\]\[6\],14.38µm
_0698_,14.34µm
scratch\[3\]\[0\],14.255µm
_0345_,14.18µm
_0428_,14.18µm
scratch\[6\]\[0\],14.18µm
net17,14.18µm
scratch\[4\]\[15\],14.12µm
scratch\[3\]\[25\],14.04µm
scratch\[1\]\[30\],13.925µm
scratch\[2\]\[10\],13.925µm
scratch\[3\]\[1\],13.9µm
_0658_,13.84µm
scratch\[3\]\[17\],13.72µm
scratch\[3\]\[3\],13.72µm
_0346_,13.7µm
_0447_,13.68µm
scratch\[0\]\[31\],13.68µm
scratch\[1\]\[26\],13.625µm
_0568_,13.62µm
_0363_,13.6µm
scratch\[2\]\[21\],13.6µm
scratch\[2\]\[31\],13.6µm
scratch\[5\]\[9\],13.54µm
net89,13.54µm
scratch\[2\]\[18\],13.52µm
cycle_count\[3\],13.5µm
scratch\[6\]\[7\],13.5µm
_0607_,13.38µm
_0761_,13.38µm
scratch\[4\]\[31\],13.31µm
_0404_,13.3µm
net56,13.2µm
scratch\[7\]\[5\],13.16µm
scratch\[5\]\[30\],13.085µm
net93,13.06µm
scratch\[5\]\[5\],13.045µm
scratch\[5\]\[15\],12.98µm
scratch\[2\]\[27\],12.88µm
_0624_,12.8µm
_0694_,12.8µm
scratch\[1\]\[2\],12.765µm
scratch\[1\]\[31\],12.76µm
scratch\[7\]\[6\],12.7µm
_0390_,12.62µm
scratch\[4\]\[9\],12.62µm
scratch\[1\]\[16\],12.61µm
scratch\[3\]\[21\],12.58µm
scratch\[6\]\[22\],12.58µm
_0445_,12.54µm
scratch\[7\]\[0\],12.54µm
_0465_,12.52µm
_0712_,12.52µm
net60,12.5µm
_0804_,12.48µm
_0683_,12.46µm
scratch\[3\]\[28\],12.46µm
net277,12.42µm
_0378_,12.38µm
_0670_,12.38µm
_0368_,12.36µm
scratch\[7\]\[25\],12.28µm
_0518_,12.24µm
_0541_,12.2µm
scratch\[1\]\[19\],12.18µm
net94,12.04µm
scratch\[7\]\[17\],12µm
_0027_,11.905µm
_0000_,11.88µm
_0355_,11.88µm
scratch\[4\]\[29\],11.88µm
scratch\[6\]\[23\],11.88µm
_0074_,11.865µm
_0740_,11.84µm
scratch\[7\]\[23\],11.84µm
_0233_,11.765µm
_0102_,11.705µm
_0630_,11.7µm
scratch\[2\]\[8\],11.7µm
scratch\[1\]\[18\],11.68µm
scratch\[4\]\[5\],11.66µm
scratch\[4\]\[18\],11.62µm
scratch\[7\]\[3\],11.58µm
_0591_,11.5µm
_0448_,11.42µm
scratch\[3\]\[29\],11.42µm
scratch\[6\]\[29\],11.42µm
_0599_,11.38µm
scratch\[7\]\[9\],11.38µm
net90,11.36µm
scratch\[5\]\[28\],11.355µm
net88,11.26µm
_0628_,11.24µm
_0467_,11.22µm
_0089_,11.205µm
scratch\[1\]\[27\],11.205µm
_0753_,11.12µm
scratch\[4\]\[7\],11.12µm
scratch\[7\]\[26\],11.08µm
_0040_,11.065µm
net67,11.06µm
_0276_,11.04µm
_0398_,11.04µm
scratch\[5\]\[12\],11.005µm
scratch\[1\]\[14\],10.99µm
scratch\[1\]\[17\],10.97µm
scratch\[6\]\[17\],10.96µm
_0633_,10.9µm
_0438_,10.88µm
_0356_,10.86µm
scratch\[3\]\[8\],10.86µm
_0610_,10.8µm
_0431_,10.74µm
scratch\[4\]\[21\],10.74µm
scratch\[4\]\[26\],10.74µm
scratch\[6\]\[27\],10.74µm
_0594_,10.66µm
scratch\[3\]\[15\],10.6µm
_0468_,10.46µm
scratch\[1\]\[11\],10.38µm
_0559_,10.36µm
_0724_,10.36µm
_0604_,10.34µm
_0023_,10.335µm
_0372_,10.32µm
scratch\[4\]\[30\],10.28µm
scratch\[6\]\[20\],10.28µm
scratch\[7\]\[11\],10.24µm
_0597_,10.22µm
scratch\[5\]\[10\],10.205µm
scratch\[5\]\[31\],10.165µm
scratch\[4\]\[12\],10.16µm
_0536_,10.1µm
scratch\[1\]\[29\],10.08µm
scratch\[1\]\[21\],10.04µm
_0476_,10µm
scratch\[5\]\[2\],10µm
_0540_,9.96µm
_0738_,9.96µm
_0681_,9.94µm
scratch\[1\]\[28\],9.94µm
_0684_,9.9µm
_0674_,9.84µm
_0731_,9.84µm
scratch\[1\]\[0\],9.84µm
scratch\[6\]\[24\],9.82µm
_0784_,9.8µm
_0103_,9.785µm
_0662_,9.78µm
scratch\[6\]\[28\],9.78µm
net440,9.76µm
scratch\[7\]\[14\],9.72µm
scratch\[5\]\[25\],9.705µm
scratch\[3\]\[18\],9.7µm
_0643_,9.66µm
_0232_,9.645µm
_0440_,9.64µm
scratch\[7\]\[27\],9.62µm
scratch\[6\]\[1\],9.58µm
_0426_,9.52µm
_0617_,9.52µm
scratch\[6\]\[19\],9.52µm
scratch\[2\]\[13\],9.5µm
_0702_,9.48µm
scratch\[1\]\[10\],9.47µm
_0679_,9.44µm
_0446_,9.4µm
net290,9.4µm
scratch\[4\]\[11\],9.36µm
scratch\[4\]\[25\],9.36µm
_0763_,9.32µm
scratch\[1\]\[1\],9.285µm
net309,9.28µm
scratch\[5\]\[6\],9.245µm
_0184_,9.225µm
_0105_,9.185µm
_0488_,9.16µm
scratch\[7\]\[21\],9.16µm
scratch\[6\]\[9\],9.12µm
scratch\[7\]\[16\],9.06µm
_0577_,9.04µm
scratch\[6\]\[11\],9.04µm
net373,8.92µm
scratch\[4\]\[28\],8.9µm
scratch\[6\]\[26\],8.9µm
_0204_,8.865µm
_0499_,8.86µm
_0744_,8.86µm
_0589_,8.84µm
scratch\[5\]\[27\],8.825µm
_0437_,8.8µm
_0222_,8.765µm
scratch\[6\]\[15\],8.76µm
_0668_,8.74µm
scratch\[7\]\[19\],8.74µm
scratch\[4\]\[23\],8.7µm
_0397_,8.68µm
scratch\[4\]\[20\],8.66µm
_0504_,8.62µm
net86,8.62µm
scratch\[1\]\[9\],8.58µm
scratch\[6\]\[4\],8.58µm
_0203_,8.575µm
_0414_,8.56µm
_0585_,8.56µm
_0656_,8.56µm
_0217_,8.525µm
_0455_,8.52µm
_0690_,8.52µm
_0782_,8.48µm
scratch\[4\]\[2\],8.48µm
scratch\[4\]\[17\],8.44µm
net65,8.44µm
_0671_,8.42µm
scratch\[5\]\[18\],8.42µm
scratch\[6\]\[13\],8.4µm
net63,8.4µm
cycle_count\[1\],8.34µm
_0572_,8.3µm
_0510_,8.28µm
_0573_,8.24µm
scratch\[1\]\[20\],8.24µm
_0453_,8.2µm
_0461_,8.2µm
_0632_,8.2µm
scratch\[4\]\[4\],8.18µm
_0484_,8.16µm
_0780_,8.16µm
_0790_,8.1µm
scratch\[5\]\[16\],8.075µm
_0214_,8.065µm
_0264_,8.065µm
_0655_,8.06µm
scratch\[5\]\[1\],8.04µm
scratch\[6\]\[12\],8.04µm
_0402_,8.02µm
scratch\[4\]\[14\],8.02µm
net369,8.02µm
_0646_,7.98µm
_0682_,7.98µm
scratch\[4\]\[19\],7.98µm
scratch\[5\]\[22\],7.965µm
scratch\[5\]\[19\],7.955µm
_0639_,7.94µm
_0715_,7.94µm
_0377_,7.9µm
_0206_,7.845µm
_0612_,7.8µm
_0528_,7.78µm
_0556_,7.78µm
net286,7.78µm
scratch\[5\]\[13\],7.735µm
_0025_,7.695µm
_0375_,7.68µm
_0422_,7.68µm
_0669_,7.68µm
scratch\[7\]\[28\],7.68µm
_0452_,7.66µm
_0551_,7.64µm
_0727_,7.64µm
_0764_,7.64µm
net323,7.64µm
net334,7.64µm
net424,7.64µm
_0409_,7.62µm
_0637_,7.58µm
_0340_,7.56µm
net351,7.56µm
net355,7.56µm
_0369_,7.52µm
_0565_,7.52µm
_0793_,7.52µm
net358,7.52µm
_0365_,7.5µm
_0747_,7.5µm
_0439_,7.48µm
_0494_,7.48µm
_0648_,7.48µm
_0811_,7.48µm
_0469_,7.46µm
_0520_,7.42µm
scratch\[6\]\[21\],7.42µm
_0511_,7.4µm
scratch\[6\]\[18\],7.4µm
_0236_,7.385µm
_0024_,7.345µm
_0538_,7.32µm
scratch\[7\]\[22\],7.32µm
scratch\[5\]\[17\],7.3µm
_0188_,7.265µm
_0280_,7.22µm
_0713_,7.22µm
_0733_,7.22µm
_0798_,7.22µm
net426,7.22µm
net429,7.22µm
_0600_,7.2µm
net324,7.2µm
_0291_,7.18µm
_0652_,7.18µm
_0794_,7.18µm
_0314_,7.16µm
scratch\[7\]\[12\],7.16µm
_0759_,7.1µm
_0406_,7.08µm
_0396_,7.06µm
_0705_,7.06µm
_0792_,7.06µm
scratch\[4\]\[13\],7.06µm
scratch\[6\]\[8\],7.06µm
net394,7µm
_0424_,6.98µm
_0486_,6.96µm
_0506_,6.96µm
scratch\[4\]\[24\],6.955µm
scratch\[5\]\[8\],6.92µm
_0387_,6.86µm
scratch\[1\]\[6\],6.86µm
_0418_,6.84µm
_0260_,6.825µm
scratch\[5\]\[7\],6.825µm
_0532_,6.82µm
scratch\[5\]\[0\],6.82µm
scratch\[6\]\[25\],6.82µm
_0739_,6.76µm
scratch\[7\]\[18\],6.76µm
scratch\[7\]\[7\],6.76µm
_0367_,6.74µm
_0327_,6.72µm
_0803_,6.72µm
_0013_,6.705µm
_0018_,6.705µm
net279,6.7µm
scratch\[1\]\[22\],6.66µm
_0173_,6.645µm
_0383_,6.64µm
_0620_,6.64µm
_0631_,6.64µm
scratch\[1\]\[15\],6.64µm
_0416_,6.62µm
_0621_,6.62µm
_0385_,6.6µm
_0523_,6.6µm
_0543_,6.6µm
scratch\[4\]\[16\],6.6µm
_0386_,6.58µm
_0410_,6.58µm
scratch\[5\]\[29\],6.575µm
_0003_,6.54µm
_0169_,6.54µm
net370,6.54µm
scratch\[5\]\[23\],6.495µm
_0146_,6.485µm
net390,6.48µm
_0172_,6.465µm
_0273_,6.46µm
_0246_,6.425µm
scratch\[5\]\[26\],6.405µm
_0678_,6.4µm
scratch\[1\]\[8\],6.4µm
scratch\[4\]\[22\],6.4µm
scratch\[4\]\[8\],6.4µm
_0558_,6.38µm
_0028_,6.365µm
_0035_,6.365µm
net62,6.36µm
_0460_,6.32µm
_0496_,6.32µm
net304,6.32µm
_0313_,6.3µm
_0357_,6.3µm
_0450_,6.3µm
_0580_,6.3µm
_0687_,6.3µm
net338,6.3µm
net374,6.3µm
_0475_,6.26µm
_0757_,6.26µm
net342,6.26µm
_0240_,6.225µm
_0745_,6.2µm
net343,6.2µm
_0487_,6.18µm
net287,6.18µm
net295,6.18µm
net350,6.18µm
_0083_,6.165µm
_0730_,6.14µm
scratch\[4\]\[3\],6.14µm
net348,6.14µm
_0525_,6.1µm
net383,6.08µm
net386,6.08µm
_0079_,6.065µm
scratch\[7\]\[29\],6.06µm
_0201_,6.04µm
_0081_,6.025µm
_0249_,6.025µm
_0213_,6.015µm
_0001_,5.985µm
_0480_,5.96µm
_0700_,5.96µm
_0415_,5.94µm
scratch\[7\]\[30\],5.94µm
_0636_,5.92µm
scratch\[4\]\[27\],5.92µm
_0489_,5.9µm
_0091_,5.895µm
_0786_,5.855µm
_0060_,5.845µm
_0754_,5.84µm
net64,5.84µm
net412,5.84µm
net413,5.84µm
net442,5.82µm
_0271_,5.8µm
_0283_,5.8µm
_0286_,5.8µm
_0482_,5.8µm
_0711_,5.8µm
_0463_,5.74µm
scratch\[1\]\[12\],5.725µm
_0304_,5.72µm
_0491_,5.72µm
_0691_,5.72µm
_0796_,5.72µm
_0797_,5.72µm
scratch\[7\]\[20\],5.72µm
net298,5.72µm
_0107_,5.715µm
_0473_,5.7µm
scratch\[6\]\[6\],5.7µm
scratch\[7\]\[31\],5.7µm
_0364_,5.68µm
_0614_,5.68µm
_0676_,5.68µm
_0716_,5.68µm
_0805_,5.68µm
net318,5.68µm
net357,5.68µm
_0168_,5.665µm
scratch\[1\]\[4\],5.66µm
_0154_,5.645µm
_0325_,5.62µm
_0342_,5.62µm
_0472_,5.62µm
net379,5.62µm
_0186_,5.595µm
_0281_,5.58µm
_0321_,5.58µm
_0171_,5.505µm
_0263_,5.505µm
_0432_,5.5µm
_0699_,5.5µm
scratch\[1\]\[7\],5.48µm
scratch\[7\]\[15\],5.48µm
_0316_,5.46µm
_0331_,5.46µm
_0474_,5.46µm
_0017_,5.435µm
_0058_,5.435µm
_0490_,5.38µm
_0602_,5.38µm
net311,5.38µm
net327,5.38µm
net340,5.38µm
net398,5.38µm
_0505_,5.36µm
_0302_,5.34µm
_0319_,5.34µm
_0618_,5.34µm
_0645_,5.34µm
_0799_,5.34µm
_0807_,5.34µm
_0045_,5.315µm
_0435_,5.28µm
_0451_,5.28µm
_0434_,5.26µm
_0812_,5.26µm
net349,5.26µm
net368,5.26µm
net387,5.26µm
net391,5.26µm
_0407_,5.22µm
_0417_,5.22µm
_0623_,5.22µm
scratch\[6\]\[30\],5.22µm
net376,5.22µm
_0392_,5.2µm
_0549_,5.2µm
_0298_,5.16µm
_0320_,5.16µm
_0514_,5.16µm
net312,5.16µm
_0026_,5.135µm
_0200_,5.135µm
_0299_,5.12µm
_0312_,5.12µm
_0570_,5.12µm
_0481_,5.1µm
_0242_,5.085µm
_0485_,5.08µm
_0703_,5.08µm
net306,5.06µm
net443,5.06µm
_0096_,5.045µm
net288,5.04µm
_0253_,4.985µm
_0423_,4.97µm
_0644_,4.94µm
net423,4.94µm
_0337_,4.92µm
_0399_,4.92µm
_0507_,4.92µm
_0719_,4.92µm
scratch\[1\]\[25\],4.92µm
_0111_,4.885µm
_0443_,4.88µm
_0562_,4.88µm
_0809_,4.88µm
_0093_,4.845µm
_0122_,4.845µm
_0175_,4.845µm
_0408_,4.82µm
_0527_,4.82µm
net365,4.82µm
_0056_,4.805µm
_0262_,4.805µm
_0411_,4.8µm
_0429_,4.8µm
_0692_,4.8µm
_0707_,4.8µm
_0742_,4.8µm
scratch\[4\]\[0\],4.8µm
net337,4.8µm
net356,4.8µm
_0672_,4.78µm
_0567_,4.76µm
_0686_,4.76µm
_0808_,4.76µm
_0078_,4.725µm
_0120_,4.725µm
_0198_,4.7µm
_0229_,4.7µm
_0237_,4.7µm
net388,4.7µm
_0344_,4.68µm
_0728_,4.68µm
_0760_,4.68µm
scratch\[1\]\[13\],4.68µm
net284,4.68µm
_0071_,4.675µm
_0289_,4.66µm
_0332_,4.66µm
scratch\[6\]\[31\],4.66µm
net303,4.66µm
_0030_,4.635µm
_0044_,4.625µm
_0129_,4.625µm
_0256_,4.625µm
_0022_,4.605µm
_0329_,4.6µm
net347,4.6µm
_0380_,4.58µm
_0376_,4.56µm
_0641_,4.56µm
net293,4.56µm
_0279_,4.54µm
_0031_,4.525µm
_0211_,4.525µm
_0195_,4.485µm
_0293_,4.46µm
_0326_,4.46µm
_0547_,4.46µm
_0634_,4.46µm
_0695_,4.46µm
_0795_,4.46µm
scratch\[7\]\[13\],4.46µm
scratch\[7\]\[1\],4.46µm
_0704_,4.44µm
scratch\[6\]\[10\],4.44µm
_0006_,4.435µm
_0274_,4.42µm
_0351_,4.42µm
_0470_,4.42µm
_0513_,4.42µm
_0605_,4.42µm
_0748_,4.42µm
_0042_,4.385µm
_0155_,4.385µm
_0239_,4.385µm
_0696_,4.36µm
_0657_,4.34µm
_0801_,4.34µm
net302,4.34µm
net314,4.34µm
net382,4.34µm
net401,4.34µm
_0635_,4.32µm
_0012_,4.285µm
_0007_,4.265µm
_0029_,4.24µm
_0090_,4.24µm
_0137_,4.24µm
_0197_,4.24µm
_0456_,4.24µm
_0508_,4.24µm
_0576_,4.24µm
net393,4.24µm
net420,4.24µm
net438,4.24µm
_0057_,4.215µm
_0284_,4.2µm
_0296_,4.2µm
_0328_,4.2µm
_0566_,4.2µm
net280,4.2µm
net301,4.2µm
net305,4.2µm
_0259_,4.165µm
_0697_,4.11µm
_0064_,4.095µm
_0227_,4.095µm
_0595_,4.08µm
_0011_,4.065µm
_0063_,4.065µm
_0261_,4.065µm
_0653_,4.06µm
_0629_,4.02µm
_0743_,4µm
_0791_,4µm
_0806_,4µm
scratch\[6\]\[5\],4µm
net321,4µm
net329,4µm
net331,4µm
net345,4µm
net414,4µm
_0266_,3.985µm
_0179_,3.925µm
_0205_,3.925µm
_0220_,3.925µm
_0252_,3.925µm
_0257_,3.925µm
net297,3.9µm
net402,3.9µm
_0495_,3.88µm
_0734_,3.88µm
_0741_,3.88µm
net421,3.88µm
_0037_,3.855µm
_0449_,3.82µm
_0004_,3.78µm
_0036_,3.78µm
_0059_,3.78µm
_0073_,3.78µm
_0225_,3.78µm
net377,3.78µm
_0354_,3.76µm
_0721_,3.76µm
_0322_,3.74µm
_0550_,3.74µm
_0501_,3.72µm
_0192_,3.705µm
_0238_,3.705µm
_0067_,3.685µm
net339,3.68µm
net375,3.68µm
_0382_,3.64µm
_0436_,3.64µm
_0552_,3.64µm
scratch\[7\]\[24\],3.64µm
_0034_,3.635µm
_0066_,3.625µm
net313,3.56µm
net359,3.56µm
net361,3.56µm
net392,3.56µm
net395,3.56µm
net415,3.56µm
net416,3.56µm
net427,3.56µm
net432,3.56µm
_0287_,3.54µm
_0308_,3.54µm
_0310_,3.54µm
_0458_,3.54µm
_0571_,3.54µm
_0579_,3.54µm
_0596_,3.54µm
_0729_,3.54µm
net344,3.54µm
scratch\[5\]\[20\],3.535µm
_0673_,3.52µm
_0749_,3.52µm
_0014_,3.505µm
_0032_,3.505µm
_0043_,3.505µm
_0047_,3.505µm
_0165_,3.485µm
_0185_,3.485µm
_0052_,3.465µm
_0098_,3.465µm
_0109_,3.465µm
_0115_,3.465µm
_0116_,3.465µm
_0126_,3.465µm
_0130_,3.465µm
_0142_,3.465µm
_0143_,3.465µm
_0145_,3.465µm
_0152_,3.465µm
_0231_,3.465µm
_0245_,3.465µm
_0108_,3.44µm
_0503_,3.44µm
_0603_,3.44µm
_0802_,3.44µm
_0350_,3.42µm
_0374_,3.42µm
_0563_,3.42µm
_0710_,3.42µm
_0751_,3.42µm
net61,3.42µm
net68,3.42µm
net300,3.42µm
net325,3.42µm
net433,3.42µm
_0517_,3.38µm
_0647_,3.38µm
_0521_,3.36µm
_0134_,3.345µm
_0135_,3.345µm
_0194_,3.345µm
_0196_,3.34µm
_0062_,3.32µm
_0207_,3.32µm
_0212_,3.32µm
_0268_,3.32µm
_0270_,3.32µm
_0292_,3.32µm
_0294_,3.32µm
_0516_,3.32µm
net380,3.32µm
_0338_,3.3µm
scratch\[5\]\[3\],3.3µm
_0497_,3.29µm
_0709_,3.26µm
net352,3.22µm
_0136_,3.175µm
_0147_,3.175µm
_0545_,3.14µm
_0561_,3.14µm
_0755_,3.14µm
_0128_,3.125µm
_0341_,3.1µm
_0269_,3.08µm
_0297_,3.08µm
_0317_,3.08µm
_0324_,3.08µm
_0373_,3.08µm
_0425_,3.08µm
_0530_,3.08µm
_0534_,3.08µm
_0539_,3.08µm
_0615_,3.08µm
_0626_,3.08µm
_0627_,3.08µm
_0714_,3.08µm
_0800_,3.08µm
net291,3.08µm
net434,3.08µm
_0224_,3.075µm
_0085_,3.045µm
_0139_,3.045µm
_0157_,3.045µm
_0176_,3.045µm
_0258_,3.045µm
_0021_,3.005µm
_0050_,3.005µm
_0077_,3.005µm
_0082_,3.005µm
_0112_,3.005µm
_0138_,3.005µm
_0140_,3.005µm
_0141_,3.005µm
_0166_,3.005µm
_0180_,3.005µm
_0235_,3.005µm
_0033_,2.98µm
_0055_,2.98µm
_0075_,2.98µm
_0471_,2.98µm
_0479_,2.98µm
_0519_,2.98µm
_0535_,2.98µm
_0717_,2.98µm
net408,2.98µm
_0366_,2.96µm
net319,2.96µm
net346,2.96µm
_0092_,2.955µm
_0457_,2.94µm
_0477_,2.92µm
_0493_,2.92µm
_0161_,2.885µm
_0051_,2.86µm
_0132_,2.86µm
_0182_,2.86µm
_0183_,2.86µm
_0272_,2.86µm
_0295_,2.86µm
_0323_,2.86µm
_0330_,2.86µm
_0560_,2.86µm
net292,2.86µm
_0335_,2.84µm
net403,2.84µm
_0049_,2.785µm
_0072_,2.785µm
_0094_,2.785µm
_0104_,2.785µm
_0110_,2.785µm
_0117_,2.785µm
_0127_,2.785µm
_0131_,2.785µm
_0148_,2.785µm
_0149_,2.785µm
_0150_,2.785µm
_0159_,2.785µm
_0190_,2.785µm
_0250_,2.785µm
_0542_,2.76µm
net407,2.76µm
_0512_,2.72µm
_0170_,2.715µm
_0209_,2.715µm
_0223_,2.705µm
_0118_,2.665µm
_0688_,2.64µm
net389,2.64µm
_0282_,2.62µm
_0430_,2.62µm
_0606_,2.62µm
_0640_,2.62µm
_0664_,2.62µm
_0723_,2.62µm
_0781_,2.62µm
net360,2.62µm
_0039_,2.595µm
_0215_,2.585µm
_0557_,2.58µm
_0002_,2.545µm
_0010_,2.545µm
_0015_,2.545µm
_0086_,2.545µm
_0187_,2.545µm
_0189_,2.545µm
_0208_,2.545µm
_0221_,2.545µm
_0230_,2.545µm
_0241_,2.545µm
_0243_,2.545µm
_0247_,2.545µm
_0255_,2.545µm
_0193_,2.52µm
_0403_,2.52µm
_0515_,2.52µm
_0659_,2.52µm
_0388_,2.5µm
_0642_,2.5µm
_0677_,2.5µm
_0685_,2.5µm
_0758_,2.5µm
net296,2.5µm
net341,2.5µm
_0663_,2.46µm
_0019_,2.425µm
_0278_,2.4µm
_0288_,2.4µm
_0318_,2.4µm
_0454_,2.4µm
net289,2.4µm
_0216_,2.375µm
_0219_,2.375µm
_0244_,2.375µm
_0009_,2.325µm
_0020_,2.325µm
_0038_,2.325µm
_0041_,2.325µm
_0068_,2.325µm
_0084_,2.325µm
_0101_,2.325µm
_0106_,2.325µm
_0113_,2.325µm
_0124_,2.325µm
_0133_,2.325µm
_0144_,2.325µm
_0151_,2.325µm
_0153_,2.325µm
_0158_,2.325µm
_0160_,2.325µm
_0163_,2.325µm
_0199_,2.325µm
_0210_,2.325µm
_0248_,2.325µm
_0478_,2.3µm
_0500_,2.3µm
_0544_,2.3µm
_0611_,2.3µm
net322,2.3µm
net328,2.3µm
net397,2.3µm
_0750_,2.28µm
_0529_,2.27µm
_0492_,2.18µm
_0498_,2.18µm
_0524_,2.18µm
_0546_,2.18µm
_0290_,2.16µm
_0334_,2.16µm
_0352_,2.16µm
_0353_,2.16µm
_0459_,2.16µm
_0483_,2.16µm
_0522_,2.16µm
_0531_,2.16µm
_0555_,2.16µm
_0575_,2.16µm
_0590_,2.16µm
_0725_,2.16µm
_0737_,2.16µm
net315,2.16µm
net333,2.16µm
net439,2.16µm
_0095_,2.145µm
_0265_,2.145µm
_0054_,2.125µm
_0069_,2.125µm
_0080_,2.125µm
_0177_,2.125µm
_0218_,2.125µm
_0100_,2.085µm
_0178_,2.085µm
_0202_,2.085µm
_0650_,2.06µm
_0708_,2.06µm
net299,2.04µm
net417,2.04µm
_0053_,2.025µm
_0070_,2.025µm
_0162_,2.025µm
_0164_,2.025µm
_0174_,2.025µm
_0181_,2.025µm
_0533_,2.02µm
_0391_,1.94µm
_0466_,1.94µm
net278,1.94µm
net294,1.94µm
net396,1.94µm
net441,1.94µm
_0254_,1.915µm
_0016_,1.865µm
_0048_,1.865µm
_0061_,1.865µm
_0065_,1.865µm
_0076_,1.865µm
_0087_,1.865µm
_0088_,1.865µm
_0097_,1.865µm
_0099_,1.865µm
_0121_,1.865µm
_0123_,1.865µm
_0125_,1.865µm
_0156_,1.865µm
_0167_,1.865µm
_0191_,1.865µm
_0234_,1.865µm
_0251_,1.865µm
_0305_,1.84µm
_0462_,1.84µm
_0464_,1.84µm
_0502_,1.84µm
_0548_,1.84µm
_0564_,1.84µm
_0574_,1.84µm
_0779_,1.84µm
net281,1.84µm
net364,1.84µm
net399,1.84µm
net404,1.84µm
net406,1.84µm
net409,1.84µm
net422,1.84µm
net425,1.84µm
net436,1.84µm
net437,1.84µm
_0361_,1.72µm
_0427_,1.72µm
_0275_,1.7µm
_0554_,1.7µm
_0649_,1.7µm
_0666_,1.7µm
_0720_,1.7µm
_0810_,1.7µm
_0394_,1.68µm
_0586_,1.6µm
_0008_,1.575µm
_0114_,1.575µm
_0537_,1.56µm
_0306_,1.48µm
_0307_,1.48µm
_0735_,1.46µm
_0046_,1.405µm
_0119_,1.405µm
_0226_,1.405µm
_0228_,1.405µm
_0370_,1.38µm
_0638_,1.38µm
_0660_,1.38µm
net282,1.38µm
net285,1.38µm
net381,1.38µm
net384,1.38µm
_0509_,1.22µm
_0553_,1.22µm
_0765_,1.22µm
_0362_,1.14µm
_0609_,1.14µm
_0771_,1.14µm
net378,1.02µm
_0767_,0.92µm
net283,0.92µm
net307,0.92µm
net310,0.92µm
net385,0.92µm
net400,0.92µm
net405,0.92µm
_0303_,0.8µm
_0766_,0.8µm
_0277_,0.46µm
_0285_,0.46µm
_0301_,0.46µm
_0309_,0.46µm
_0311_,0.46µm
_0315_,0.46µm
_0343_,0.46µm
net308,0.46µm
net316,0.46µm
net317,0.46µm
net320,0.46µm
net326,0.46µm
net330,0.46µm
net332,0.46µm
net335,0.46µm
net336,0.46µm
net353,0.46µm
net354,0.46µm
net362,0.46µm
net363,0.46µm
net366,0.46µm
net367,0.46µm
net371,0.46µm
net372,0.46µm
net410,0.46µm
net411,0.46µm
net418,0.46µm
net419,0.46µm
net428,0.46µm
net430,0.46µm
net431,0.46µm
net435,0.46µm
